Workbook

Sheet Welcome
A1: Chatbot Usability Questionnaire (CUQ) Calculation Tool
B3: This tool is designed to facilitate quick and easy calculation of CUQ scores. CUQ scores are calculated out of 100, to facilitate comparison with the System Usability Scale (SUS).
B5: How to use this tool
B7: 1. Select the "Data" tab below
B9: 2. Enter the question scores for each of your participants. Question scores are recorded horizontally and participants are recorded vertically. (There is room for up to 100 participants. Don't worry If you don't use all 100 rows.)
B11: 3. A CUQ score will be calculated for each individual participant.
B13: 4. Once you have entered all your data, select the "result" tab.
B15: The following data will be displayed in your results:
C17: i. Mean (and SD) CUQ score for the chatbot under test
C18: ii. Highest and lowest CUQ Scores for the chatbot under test (and the participants to whom these scores relate)
C19: iii. Mean (and SD) scores for each question
B21: If you have any difficulty using this tool, or you have any questions about the CUQ, please contact:
B22: Samuel Holmes | D22: (holmes-w@ulster.ac.uk)
B23: Raymond Bond | D23: (rb.bond@ulster.ac.uk)
B25: CUQ Research Team:
B26: Samuel Holmes, Ulster University Anne Moorhead, School of Communication & Media/Institute of Nursing Research, Ulster University Raymond Bond, School of Computing, Ulster University Huiru Zheng, School of Computing, Ulster University Vivien Coates, Institute of Nursing Research, Ulster University Michael McTear, School of Computing, Ulster University

Sheet Data
A2: Chatbot Usability Questionnaire Data Entry Form
G4: Chatbot being tested: | M4: Estandar
B5: Question | C5: 1 | D5: 2 | E5: 3 | F5: 4 | G5: 5 | H5: 6 | I5: 7 | J5: 8 | K5: 9 | L5: 10 | M5: 11 | N5: 12 | O5: 13 | P5: 14 | Q5: 15 | R5: 16 | S5: CUQ Score
B6: Participant | C6: Please enter question scores below | U6: Enter your CUQ question scores for each of your participants using the grid on the left. You can copy and paste scores from a CSV file or type them in manually. Individual CUQ scores per participant will be calculated and appear in the "Score" column automatically. Note: Please do not modify any formulas in the "Score" column, as this will affect your results. If you have fewer than 100 participants, delete data from any unused rows (including "Score" column).
B7: 1 | C7: 3 | D7: 4 | E7: 3 | F7: 3 | G7: 2 | H7: 4 | I7: 4 | J7: 2 | K7: 3 | L7: 4 | M7: 3 | N7: 2 | O7: 3 | P7: 4 | Q7: 4 | R7: 3 | S7: =((((C7+E7+G7+I7+K7+M7+O7+Q7)-8)+(40-(D7+F7+H7+J7+L7+N7+P7+R7)))/64)*100 -> 48.4375
B8: 2 | C8: 4 | D8: 4 | E8: 5 | F8: 1 | G8: 2 | H8: 1 | I8: 5 | J8: 1 | K8: 5 | L8: 5 | M8: 5 | N8: 1 | O8: 4 | P8: 1 | Q8: 5 | R8: 1 | S8: =((((C8+E8+G8+I8+K8+M8+O8+Q8)-8)+(40-(D8+F8+H8+J8+L8+N8+P8+R8)))/64)*100 -> 81.25
B9: 3 | C9: 5 | D9: 2 | E9: 5 | F9: 2 | G9: 4 | H9: 4 | I9: 5 | J9: 5 | K9: 4 | L9: 1 | M9: 5 | N9: 1 | O9: 4 | P9: 1 | Q9: 5 | R9: 1 | S9: =((((C9+E9+G9+I9+K9+M9+O9+Q9)-8)+(40-(D9+F9+H9+J9+L9+N9+P9+R9)))/64)*100 -> 81.25
B10: 4 | C10: 4 | D10: 2 | E10: 4 | F10: 1 | G10: 4 | H10: 1 | I10: 5 | J10: 1 | K10: 4 | L10: 1 | M10: 4 | N10: 1 | O10: 4 | P10: 1 | Q10: 5 | R10: 1 | S10: =((((C10+E10+G10+I10+K10+M10+O10+Q10)-8)+(40-(D10+F10+H10+J10+L10+N10+P10+R10)))/64)*100 -> 89.0625
B11: 5 | C11: 2 | D11: 5 | E11: 3 | F11: 3 | G11: 3 | H11: 5 | I11: 4 | J11: 1 | K11: 5 | L11: 1 | M11: 3 | N11: 3 | O11: 2 | P11: 3 | Q11: 4 | R11: 1 | S11: =((((C11+E11+G11+I11+K11+M11+O11+Q11)-8)+(40-(D11+F11+H11+J11+L11+N11+P11+R11)))/64)*100 -> 56.25
B12: 6 | C12: 5 | D12: 1 | E12: 5 | F12: 1 | G12: 1 | H12: 4 | I12: 5 | J12: 1 | K12: 4 | L12: 1 | M12: 5 | N12: 1 | O12: 5 | P12: 1 | Q12: 5 | R12: 1 | S12: =((((C12+E12+G12+I12+K12+M12+O12+Q12)-8)+(40-(D12+F12+H12+J12+L12+N12+P12+R12)))/64)*100 -> 87.5
B13: 7 | C13: 4 | D13: 2 | E13: 4 | F13: 1 | G13: 5 | H13: 1 | I13: 5 | J13: 1 | K13: 5 | L13: 1 | M13: 5 | N13: 1 | O13: 4 | P13: 1 | Q13: 5 | R13: 1 | S13: =((((C13+E13+G13+I13+K13+M13+O13+Q13)-8)+(40-(D13+F13+H13+J13+L13+N13+P13+R13)))/64)*100 -> 93.75
B14: 8 | C14: 3 | D14: 2 | E14: 4 | F14: 2 | G14: 3 | H14: 3 | I14: 4 | J14: 3 | K14: 4 | L14: 3 | M14: 3 | N14: 3 | Q14: 4 | R14: 2 | S14: =((((C14+E14+G14+I14+K14+M14+O14+Q14)-8)+(40-(D14+F14+H14+J14+L14+N14+P14+R14)))/64)*100 -> 60.9375
B15: 9 | C15: 5 | D15: 5 | E15: 5 | F15: 5 | G15: 5 | H15: 5 | I15: 5 | J15: 1 | K15: 5 | L15: 1 | M15: 5 | N15: 1 | O15: 5 | P15: 1 | Q15: 5 | R15: 1 | S15: =((((C15+E15+G15+I15+K15+M15+O15+Q15)-8)+(40-(D15+F15+H15+J15+L15+N15+P15+R15)))/64)*100 -> 81.25
B16: 10 | C16: 4 | D16: 2 | E16: 5 | F16: 2 | G16: 4 | H16: 2 | I16: 5 | J16: 1 | K16: 4 | L16: 1 | M16: 5 | N16: 1 | O16: 4 | P16: 1 | Q16: 5 | R16: 2 | S16: =((((C16+E16+G16+I16+K16+M16+O16+Q16)-8)+(40-(D16+F16+H16+J16+L16+N16+P16+R16)))/64)*100 -> 87.5
B17: 11 | C17: 5 | D17: 1 | E17: 5 | F17: 1 | G17: 4 | H17: 1 | I17: 5 | J17: 2 | K17: 2 | L17: 1 | M17: 4 | N17: 1 | O17: 4 | P17: 1 | Q17: 5 | R17: 1 | S17: =((((C17+E17+G17+I17+K17+M17+O17+Q17)-8)+(40-(D17+F17+H17+J17+L17+N17+P17+R17)))/64)*100 -> 89.0625
B18: 12 | C18: 3 | D18: 3 | E18: 4 | F18: 2 | G18: 5 | H18: 2 | I18: 5 | J18: 3 | K18: 5 | L18: 2 | M18: 4 | N18: 1 | O18: 4 | P18: 1 | Q18: 5 | R18: 3 | S18: =((((C18+E18+G18+I18+K18+M18+O18+Q18)-8)+(40-(D18+F18+H18+J18+L18+N18+P18+R18)))/64)*100 -> 78.125
B19: 13 | C19: 3 | D19: 4 | E19: 4 | F19: 1 | G19: 4 | H19: 1 | I19: 5 | J19: 1 | K19: 4 | L19: 2 | M19: 4 | N19: 1 | O19: 4 | P19: 1 | Q19: 5 | R19: 1 | S19: =((((C19+E19+G19+I19+K19+M19+O19+Q19)-8)+(40-(D19+F19+H19+J19+L19+N19+P19+R19)))/64)*100 -> 82.8125
B20: 14 | C20: 5 | D20: 5 | E20: 5 | F20: 5 | G20: 4 | H20: 5 | I20: 5 | J20: 1 | K20: 5 | L20: 1 | M20: 5 | N20: 1 | O20: 5 | P20: 1 | Q20: 5 | R20: 1 | S20: =((((C20+E20+G20+I20+K20+M20+O20+Q20)-8)+(40-(D20+F20+H20+J20+L20+N20+P20+R20)))/64)*100 -> 79.6875
B21: 15 | C21: 5 | D21: 1 | E21: 4 | F21: 1 | G21: 5 | H21: 1 | I21: 5 | J21: 1 | K21: 5 | L21: 1 | M21: 5 | N21: 1 | O21: 5 | P21: 1 | Q21: 5 | R21: 1 | S21: =((((C21+E21+G21+I21+K21+M21+O21+Q21)-8)+(40-(D21+F21+H21+J21+L21+N21+P21+R21)))/64)*100 -> 98.4375
B22: 16 | C22: 4 | D22: 3 | E22: 4 | F22: 3 | G22: 5 | H22: 1 | I22: 4 | J22: 2 | K22: 2 | L22: 2 | M22: 4 | N22: 1 | O22: 3 | P22: 3 | Q22: 4 | R22: 2 | S22: =((((C22+E22+G22+I22+K22+M22+O22+Q22)-8)+(40-(D22+F22+H22+J22+L22+N22+P22+R22)))/64)*100 -> 70.3125
B23: 17 | C23: 5 | D23: 2 | E23: 5 | F23: 1 | G23: 4 | H23: 1 | I23: 5 | J23: 1 | K23: 5 | L23: 1 | M23: 5 | N23: 1 | O23: 5 | P23: 1 | Q23: 5 | R23: 1 | S23: =((((C23+E23+G23+I23+K23+M23+O23+Q23)-8)+(40-(D23+F23+H23+J23+L23+N23+P23+R23)))/64)*100 -> 96.875
B24: 18 | C24: 5 | D24: 1 | E24: 5 | F24: 1 | G24: 5 | H24: 3 | I24: 3 | J24: 2 | K24: 4 | L24: 3 | M24: 5 | N24: 1 | O24: 5 | P24: 1 | Q24: 4 | R24: 1 | S24: =((((C24+E24+G24+I24+K24+M24+O24+Q24)-8)+(40-(D24+F24+H24+J24+L24+N24+P24+R24)))/64)*100 -> 85.9375
B25: 19 | C25: 4 | D25: 3 | E25: 5 | F25: 1 | G25: 3 | H25: 4 | I25: 4 | J25: 4 | K25: 3 | L25: 4 | M25: 4 | N25: 2 | O25: 4 | P25: 2 | Q25: 5 | R25: 2 | S25: =((((C25+E25+G25+I25+K25+M25+O25+Q25)-8)+(40-(D25+F25+H25+J25+L25+N25+P25+R25)))/64)*100 -> 65.625
B26: 20 | C26: 3 | D26: 3 | E26: 3 | F26: 3 | G26: 5 | I26: 5 | J26: 5 | K26: 5 | L26: 3 | M26: 4 | N26: 1 | O26: 4 | P26: 3 | Q26: 5 | R26: 1 | S26: =((((C26+E26+G26+I26+K26+M26+O26+Q26)-8)+(40-(D26+F26+H26+J26+L26+N26+P26+R26)))/64)*100 -> 73.4375

Sheet Lookup
A1: Score | B1: P
A2: =Data!S7 -> 48.4375 | B2: =Data!B7 -> 1
A3: =Data!S8 -> 81.25 | B3: =Data!B8 -> 2
A4: =Data!S9 -> 81.25 | B4: =Data!B9 -> 3
A5: =Data!S10 -> 89.0625 | B5: =Data!B10 -> 4
A6: =Data!S11 -> 56.25 | B6: =Data!B11 -> 5
A7: =Data!S12 -> 87.5 | B7: =Data!B12 -> 6
A8: =Data!S13 -> 93.75 | B8: =Data!B13 -> 7
A9: =Data!S14 -> 60.9375 | B9: =Data!B14 -> 8
A10: =Data!S15 -> 81.25 | B10: =Data!B15 -> 9
A11: =Data!S16 -> 87.5 | B11: =Data!B16 -> 10
A12: =Data!S17 -> 89.0625 | B12: =Data!B17 -> 11
A13: =Data!S18 -> 78.125 | B13: =Data!B18 -> 12
... A21: =Data!S26 -> 73.4375 | B21: =Data!B26 -> 20
A22: =Data!#REF! -> #REF! | B22: =Data!#REF! -> #REF!
A23: =Data!#REF! -> #REF! | B23: =Data!#REF! -> #REF!
A24: =Data!#REF! -> #REF! | B24: =Data!#REF! -> #REF!
A25: =Data!#REF! -> #REF! | B25: =Data!#REF! -> #REF!
A26: =Data!#REF! -> #REF! | B26: =Data!#REF! -> #REF!
A27: =Data!#REF! -> #REF! | B27: =Data!#REF! -> #REF!
A28: =Data!#REF! -> #REF! | B28: =Data!#REF! -> #REF!
A29: =Data!#REF! -> #REF! | B29: =Data!#REF! -> #REF!
A30: =Data!#REF! -> #REF! | B30: =Data!#REF! -> #REF!
A31: =Data!#REF! -> #REF! | B31: =Data!#REF! -> #REF!
A32: =Data!#REF! -> #REF! | B32: =Data!#REF! -> #REF!
A33: =Data!#REF! -> #REF! | B33: =Data!#REF! -> #REF!
... A101: =Data!#REF! -> #REF! | B101: =Data!#REF! -> #REF!

Sheet Result
A2: Chatbot Usability Questionnaire Results
L4: Mean Question Scores
C5: Results
C7: Chatbot | D7: =Data!M4 -> Estandar | M7: Q | N7: Score
M8: 1 | N8: =AVERAGE(Data!C7:C26) -> 4.05 | O8: ± | P8: =_xlfn.STDEV.S(Data!C7:C26) -> 0.94451324
C9: Participants | D9: =COUNTA(Data!S7:S26) -> 20 | M9: 2 | N9: =AVERAGE(Data!D7:D26) -> 2.75 | O9: ± | P9: =_xlfn.STDEV.S(Data!D7:D26) -> 1.3717066
M10: 3 | N10: =AVERAGE(Data!E7:E26) -> 4.35 | O10: ± | P10: =_xlfn.STDEV.S(Data!E7:E26) -> 0.74515982
C11: CUQ Score | D11: =_xlfn.CONCAT(T27,T26,T28) -> 79,4±13,4 | M11: 4 | N11: =AVERAGE(Data!F7:F26) -> 2 | O11: ± | P11: =_xlfn.STDEV.S(Data!F7:F26) -> 1.2977714
M12: 5 | N12: =AVERAGE(Data!G7:G26) -> 3.85 | O12: ± | P12: =_xlfn.STDEV.S(Data!G7:G26) -> 1.1821034
C13: Lowest Score | D13: =MIN(Data!S7:S26) -> 48.4375 | F13: Participant | H13: =VLOOKUP(D13,Lookup!A1:B101,2,FALSE) -> 1 | M13: 6 | N13: =AVERAGE(Data!H7:H26) -> 2.5789474 | O13: ± | P13: =_xlfn.STDEV.S(Data!H7:H26) -> 1.6095475
M14: 7 | N14: =AVERAGE(Data!I7:I26) -> 4.65 | O14: ± | P14: =_xlfn.STDEV.S(Data!I7:I26) -> 0.58714295
C15: Highest Score | D15: =MAX(Data!S7:S26) -> 98.4375 | F15: Participant | H15: =VLOOKUP(D15,Lookup!A1:B101,2,FALSE) -> 15 | M15: 8 | N15: =AVERAGE(Data!J7:J26) -> 1.95 | O15: ± | P15: =_xlfn.STDEV.S(Data!J7:J26) -> 1.356272
M16: 9 | N16: =AVERAGE(Data!K7:K26) -> 4.15 | O16: ± | P16: =_xlfn.STDEV.S(Data!K7:K26) -> 0.98808693
C17: Median Score | D17: =MEDIAN(Data!S7:S26) -> 81.25 | F17: Participant | H17: =IFERROR(VLOOKUP(D17,Lookup!A1:B101,2,FALSE),"N/A") -> 2 | M17: 10 | N17: =AVERAGE(Data!L7:L26) -> 1.95 | O17: ± | P17: =_xlfn.STDEV.S(Data!L7:L26) -> 1.2763022
M18: 11 | N18: =AVERAGE(Data!M7:M26) -> 4.35 | O18: ± | P18: =_xlfn.STDEV.S(Data!M7:M26) -> 0.74515982
M19: 12 | N19: =AVERAGE(Data!N7:N26) -> 1.3 | O19: ± | P19: =_xlfn.STDEV.S(Data!N7:N26) -> 0.65694669
B20: This is the results page. Mean CUQ score, lowest, highest and median scores are above. Mean scores per question are on the right. Note: It is normal for Median Score participant to be listed as N/A if you have an even number of participants! | M20: 13 | N20: =AVERAGE(Data!O7:O26) -> 4.1052632 | O20: ± | P20: =_xlfn.STDEV.S(Data!O7:O26) -> 0.80930264
M21: 14 | N21: =AVERAGE(Data!P7:P26) -> 1.5263158 | O21: ± | P21: =_xlfn.STDEV.S(Data!P7:P26) -> 0.96427411
M22: 15 | N22: =AVERAGE(Data!Q7:Q26) -> 4.75 | O22: ± | P22: =_xlfn.STDEV.S(Data!Q7:Q26) -> 0.44426166
M23: 16 | N23: =AVERAGE(Data!R7:R26) -> 1.4 | O23: ± | P23: =_xlfn.STDEV.S(Data!R7:R26) -> 0.68055705
T26: ±
S27: cuqmean | T27: =ROUND(AVERAGE(Data!S7:S26),1) -> 79.4
S28: sd | T28: =ROUND(_xlfn.STDEV.S(Data!S7:S26),1) -> 13.4
